id,user_login,image_url,common_name
25844958,chendada,https://static.inaturalist.org/photos/40074342/medium.jpg,血桐
26583343,chendada,https://static.inaturalist.org/photos/41288188/medium.jpg,小青蛾蠟蟬
26583384,chendada,https://static.inaturalist.org/photos/41288255/medium.jpg,平伏莖白花菜
26651731,chendada,https://static.inaturalist.org/photos/41396818/medium.jpg,雞屎藤
49108382,chendada,https://static.inaturalist.org/photos/77950590/medium.jpg,平伏莖白花菜
54227457,chendada,https://static.inaturalist.org/photos/86276454/medium.jpg,大花咸豐草
54227492,chendada,https://static.inaturalist.org/photos/86276505/medium.jpg,榕樹
54227504,chendada,https://static.inaturalist.org/photos/86276526/medium.jpg,血桐
54227536,chendada,https://static.inaturalist.org/photos/86276612/medium.jpg,野牽牛
54227568,chendada,https://static.inaturalist.org/photos/86276682/medium.jpg,大黍
54228479,chendada,https://static.inaturalist.org/photos/86278166/medium.jpg,構樹
54337351,chendada,https://static.inaturalist.org/photos/86455817/medium.jpg,茄冬
69450212,chendada,https://static.inaturalist.org/photos/112688250/medium.jpg,黑冠麻鷺
